{
    "RMSE": 56.329340307288135,
    "MAE": 41.06011073950967,
    "R2": 0.4364479468219116
}