{
    "RMSE": 64.26847822578769,
    "MAE": 46.88660800457001,
    "R2": 0.6185062389112103
}