{
    "RMSE": 54.94298082611809,
    "MAE": 42.83426853058472,
    "R2": 0.7713358942009708
}