{
    "RMSE": 40.69430668875644,
    "MAE": 29.086105564335202,
    "R2": 0.7641091132678532
}