{
    "RMSE": 197.09689541873354,
    "MAE": 167.79160365508704,
    "R2": -2.6512620479733835
}