{"auto_feed":{"corr":0.9198782028,"mae":46.0972779007,"mape":1.1467178821,"me":17.4290047634,"minmax":0.3372640579,"mpe":1.033180869,"mse":2887.8564506363},"future_period":{"corr":0.2982298167,"mae":67.9236216281,"mape":1.8588986257,"me":-5.3379534624,"minmax":0.3937997131,"mpe":1.5394621181,"mse":6678.8434110476}}