{"car2go_arima":{"corr":0.2982298167,"mae":67.9236216281,"mape":1.8588986257,"me":-5.3379534624,"minmax":0.3937997131,"mpe":1.5394621181,"mse":6678.8434110476},"car2go_sarima":{"corr":0.8701040823,"mae":36.4069144563,"mape":0.6260602858,"me":-11.3996085523,"minmax":0.2858800899,"mpe":0.3412319313,"mse":1905.3739544924}}