{
    "RMSE": 24.168382095562375,
    "MAE": 15.932267718569,
    "R2": 0.21365213013284726
}