{
    "RMSE": 125.97982133025837,
    "MAE": 98.14011174685778,
    "R2": 0.5269423641429092,
    "MAPE": 0.48250206112878324
}