{
    "rmse": 41.27562927768791,
    "mae": 27.778356803297502,
    "r2": 0.835925326229742
}