{
    "RMSE": 40.20465306366417,
    "MAE": 27.905730649767587,
    "R2": 0.843791501717876
}