{
    "RMSE": 34.960912382996405,
    "MAE": 24.956074543656655,
    "R2": 0.8388324971782041
}