{
    "rmse": 24.168382095562375,
    "mae": 15.932267718569,
    "r2": 0.21365213013284726
}