{
    "RMSE": 160.23452979974212,
    "MAE": 94.92528232241023,
    "R2": 0.14727491454337135
}