{
    "RMSE": 9.19275068893433,
    "MAE": 6.466026314255836,
    "R2": 0.8762610904138087,
    "MAPE": 0.35116885445290363
}