{
    "RMSE": 25.316469384379058,
    "MAE": 15.946473649030343,
    "R2": 0.14320515302803216
}