{
    "RMSE": 175.5311267410022,
    "MAE": 112.0482971219049,
    "R2": -0.01500173572361485
}