{
    "rmse": 175.5311267410022,
    "mae": 112.0482971219049,
    "r2": -0.01500173572361485
}