{
    "RMSE": 170.87057557731603,
    "MAE": 140.0787932153732,
    "R2": 0.13454154517533395,
    "MAPE": 1.1403934847579231
}