{
    "RMSE": 26.450155581570566,
    "MAE": 17.900805289977818,
    "R2": 0.060296039305291156
}