{
    "RMSE": 41.27562927768791,
    "MAE": 27.778356803297502,
    "R2": 0.835925326229742
}