{
    "RMSE": 23.5587308903426,
    "MAE": 15.378325667473726,
    "R2": 0.2519943140561793
}