{
    "RMSE": 35.011187730167435,
    "MAE": 25.352340543829442,
    "R2": 0.8383895869482142,
    "MAPE": 0.3322411109084382
}