{
    "rmse": 35.172854887604224,
    "mae": 24.56004088359728,
    "r2": 0.8808889495309097
}