{
    "RMSE": 26.475070368610062,
    "MAE": 11.020344279213717,
    "R2": -0.0329836500291587,
    "MAPE": 1.34747152542564
}