{
    "RMSE": 35.172854887604224,
    "MAE": 24.56004088359728,
    "R2": 0.8808889495309097
}