{
    "RMSE": 45.97922739591238,
    "MAE": 33.14991622863278,
    "R2": 0.721245326961772,
    "MAPE": 0.3244981348054447
}