{
    "RMSE": 6.705161881794913,
    "MAE": 0.9877407900918899,
    "R2": -1.2450094057473482
}