{
    "RMSE": 154.53441158072633,
    "MAE": 85.98244698842366,
    "R2": 0.20636942838941286
}