{
    "RMSE": 39.23588274536187,
    "MAE": 28.118540761150854,
    "R2": 0.7970264455048933
}