{
    "rmse": 25.316469384379058,
    "mae": 15.946473649030343,
    "r2": 0.14320515302803216
}