{
    "rmse": 154.53441158072633,
    "mae": 85.98244698842366,
    "r2": 0.20636942838941286
}