{
    "RMSE": 173.87661264471657,
    "MAE": 121.15639797155406,
    "R2": 0.0036297373233948327
}