{
    "RMSE": 48.704347240513506,
    "MAE": 36.44222982319784,
    "R2": 0.7719889342746735
}